id,asin
1,B00000JBLH
2,B00000JBLU
3,B00000JBNX
4,B00000JBO8
5,B00000JFNV
6,B00000JZKB
7,B00000K3T0
8,B00001MXVQ
9,B00002NDS2
10,B00002QUKW
11,B000031WDB
12,B000034DLQ
13,B0000365QL
14,B00003CYNU
15,B00004SDB1
16,B00004SUJT
17,B00004TS2I
18,B00004TS2L
19,B00004U8RE
20,B00004VVIX
21,B00004YTPX
22,B00004YV1W
23,B00004Z47L
24,B00004Z498
25,B00004Z4A8
26,B00004Z4BV
27,B00004Z59A
28,B00004Z5DW
29,B00004Z5QI
30,B00004Z5QO
31,B00004Z5QP
32,B00004Z5RA
33,B00004Z5SB
34,B00004Z5SM
35,B00004Z5SN
36,B00004Z5T0
37,B00004Z63V
38,B00004Z64M
39,B00004Z64O
40,B00004Z64U
41,B00004Z69W
42,B00004Z6NA
43,B00004ZAGC
44,B000050FZP
45,B0000538AC
46,B000053HJJ
47,B000059RDW
48,B00005C3YY
49,B00005C55O
50,B00005JAFA
51,B00005MEP6
52,B00005MITU
53,B00005MJS0
54,B00005MO7G
55,B00005QJED
56,B00005S83B
57,B00005T407
58,B00005UKAX
59,B000063SI0
60,B0000645VA
61,B000067V0A
62,B00006881R
63,B000068UWB
64,B000069LI9
65,B000069LIG
66,B00006AMSI
67,B00006B7UW
68,B00006B7V9
69,B00006B80P
70,B00006B8FZ
71,B00006B8G0
72,B00006B8GI
73,B00006B8HT
74,B00006B8IN
75,B00006B8IO
76,B00006BB7Y
77,B00006HN5Q
78,B00006HO37
79,B00006HPWA
80,B00006HTZ0
81,B00006HX4B
82,B00006I58N
83,B00006I62X
84,B00006I9VJ
85,B00006IA2K
86,B00006IA5D
87,B00006IAKG
88,B00006IAKM
89,B00006IAKZ
90,B00006IALC
91,B00006IALF
92,B00006IALZ
93,B00006IATF
94,B00006IATH
95,B00006IBA3
96,B00006IBAC
97,B00006IBK2
98,B00006IBK8
99,B00006IBLJ
100,B00006IBQ4
101,B00006IBUZ
102,B00006IBV3
103,B00006IBV7
104,B00006IBVA
105,B00006IBVQ
106,B00006IBY8
107,B00006IBY9
108,B00006IC0L
109,B00006IC2L
110,B00006IC3R
111,B00006IC3U
112,B00006IC3Y
113,B00006IC4A
114,B00006IC7H
115,B00006IC7P
116,B00006IC7Q
117,B00006IC89
118,B00006IC8C
119,B00006IC8I
120,B00006IC8Q
121,B00006IC8V
122,B00006ICBH
123,B00006ICDC
124,B00006ICEM
125,B00006ICF7
126,B00006ICSJ
127,B00006IDA3
128,B00006IDM7
129,B00006IDMJ
130,B00006IDRW
131,B00006IDSD
132,B00006IDSM
133,B00006IDV6
134,B00006IE5K
135,B00006IE5V
136,B00006IE6U
137,B00006IE6W
138,B00006IE7J
139,B00006IE7K
140,B00006IE7L
141,B00006IE7N
142,B00006IE7O
143,B00006IE7Y
144,B00006IE82
145,B00006IE87
146,B00006IE8J
147,B00006IE9K
148,B00006IE9P
149,B00006IEA0
150,B00006IEAK
151,B00006IEB3
152,B00006IEB4
153,B00006IEB9
154,B00006IEBT
155,B00006IEBZ
156,B00006IEC6
157,B00006IEC8
158,B00006IEDY
159,B00006IEE3
160,B00006IEE4
161,B00006IEES
162,B00006IEET
163,B00006IEEU
164,B00006IEEV
165,B00006IEGJ
166,B00006IEGO
167,B00006IEI4
168,B00006IEII
169,B00006IEIO
170,B00006IEJ4
171,B00006IEJ6
172,B00006IEJ9
173,B00006IEJB
174,B00006IEJC
175,B00006IEJE
176,B00006IENX
177,B00006IEOH
178,B00006IEY5
179,B00006IEZ4
180,B00006IF1B
181,B00006IF1F
182,B00006IF2B
183,B00006IF4D
184,B00006IF4E
185,B00006IF53
186,B00006IF5Q
187,B00006IF63
188,B00006IF67
189,B00006IF6J
190,B00006IF6W
191,B00006IF70
192,B00006IF79
193,B00006IF89
194,B00006IF8G
195,B00006IF8J
196,B00006IF8S
197,B00006IF96
198,B00006IFAN
199,B00006IFAQ
200,B00006IFAR
201,B00006IFAV
202,B00006IFBG
203,B00006IFCX
204,B00006IFEQ
205,B00006IFFJ
206,B00006IFGP
207,B00006IFH9
208,B00006IFHD
209,B00006IFHG
210,B00006IFHJ
211,B00006IFHZ
212,B00006IFI3
213,B00006IFIA
214,B00006IFIM
215,B00006IFIN
216,B00006IFIR
217,B00006IFIV
218,B00006IFJN
219,B00006IFKT
220,B00006IFKU
221,B00006IFKW
222,B00006IFLA
223,B00006IFLD
224,B00006IFLI
225,B00006IFM8
226,B00006IFMB
227,B00006IFMC
228,B00006IFMP
229,B00006IFMQ
230,B00006IZSI
231,B00006JN7R
232,B00006JN7V
233,B00006JNHZ
234,B00006JNI6
235,B00006JNJ8
236,B00006JNJJ
237,B00006JNJR
238,B00006JNMH
239,B00006JNMK
240,B00006JNMU
241,B00006JNU2
242,B00006JNU5
243,B00006L385
244,B00006L38R
245,B00006RSO5
246,B00006RSP1
247,B00006RVSK
248,B0000721Z3
249,B000078CQ0
250,B000078CRB
251,B000078CUB
252,B000078UWA
253,B00007E7CW
254,B00007E7D2
255,B00007FGS5
256,B00007L6BZ
257,B00007L6C2
258,B00007LVCN
259,B00007LVE0
260,B00007M5KZ
261,B000083E4X
262,B000083E4Z
263,B000083E73
264,B000087KU6
265,B000087KUA
266,B000087L7C
267,B000089D9U
268,B00008IOXK
269,B00008SB0C
270,B00008XPGF
271,B00008XPHO
272,B00008XPLC
273,B00008XPLZ
274,B00008XPPY
275,B00008XPR0
276,B000093IJ1
277,B000093IO4
278,B000093L1D
279,B000093L1K
280,B000093L22
281,B000093L25
282,B000095K9D
283,B000095S4P
284,B000098YD5
285,B000099O2W
286,B00009L1WE
287,B00009L1XH
288,B00009RAX4
289,B0000AG93P
290,B0000AI45T
291,B0000AQNKL
292,B0000AQNLJ
293,B0000AQNM4
294,B0000AQNPB
295,B0000AQNSM
296,B0000AQNVK
297,B0000AQNW5
298,B0000AQNWI
299,B0000AQO8F
300,B0000AQOAB
301,B0000AQOAK
302,B0000AQOE3
303,B0000AQOH1
304,B0000AQOJB
305,B0000AQONK
306,B0000AQONQ
307,B0000AZ0ON
308,B0000AZ735
309,B0000BXJVW
310,B0000C0CIR
311,B0000C0CJQ
312,B0000C120T
313,B0000C1XHY
314,B0000C3HI4
315,B0000C3IDW
316,B0000C9ZJY
317,B0000CD0C8
318,B0000DH8HQ
319,B0000DJEP3
320,B0000E2Y79
321,B0000E2Y7G
322,B0000TIMUG
323,B0000V1A62
324,B0000Y7E2S
325,B00015YOR4
326,B00015YORO
327,B00015YRCG
328,B00017IJO6
329,B0001DA8YY
330,B0001DBHNA
331,B0001DU6RS
332,B0001EMA80
333,B0001EMLZW
334,B0001EMM0G
335,B0001F9KLY
336,B0001FDPZ6
337,B0001LQG9C
338,B0001MKU0W
339,B0001MR13G
340,B0001XPC7C
341,B0001ZJROY
342,B000234LAK
343,B0002ABB6K
344,B0002DOC68
345,B0002DOEOS
346,B0002EZUYK
347,B0002FTH66
348,B0002GU16A
349,B0002HLI48
350,B0002KHZGK
351,B0002LCRMG
352,B0002LCUIW
353,B0002LCUZ0
354,B0002LCUZK
355,B0002LD1KI
356,B0002MDWO2
357,B0002O9HXU
358,B0002Q8Z22
359,B0002T3ZXS
360,B0002T401Y
361,B0002T4032
362,B0002T405A
363,B0002T4064
364,B0002T406O
365,B0002T470S
366,B0002T54K0
367,B0002U40NG
368,B0002VS612
369,B0002VS6HG
370,B0002YGLDY
371,B0002ZQAZW
372,B00030CHOE
373,B0003WN0CA
374,B0003WN0DO
375,B0004F7GUI
376,B00063E2HS
377,B00063NUVM
378,B00063NW3S
379,B00065Z2DY
380,B00066FHNI
381,B00067OOF4
382,B0006ACWEQ
383,B0006B088W
384,B0006BAFCG
385,B0006BB6YM
386,B0006BB6YW
387,B0006BB6Z6
388,B0006HUHHI
389,B0006HUO08
390,B0006HUQ9M
391,B0006HV17S
392,B0006HV2ZE
393,B0006HVCDQ
394,B0006HVKOC
395,B0006HVM4A
396,B0006HVM5E
397,B0006HVPTW
398,B0006HVPV0
399,B0006HVPW4
400,B0006HVU4M
401,B0006HVU8S
402,B0006HVWO0
403,B0006HWA2I
404,B0006HWGPY
405,B0006HX1HG
406,B0006HX2KM
407,B0006HX2MU
408,B0006HX54U
409,B0006HXAW2
410,B0006HXD6K
411,B0006HXI74
412,B0006HXLSA
413,B0006HXMCK
414,B0006HXQX0
415,B0006HXSTC
416,B0006IEV60
417,B0006OF5MI
418,B0006OKKN2
419,B0006SV7Q2
420,B0006SW6YO
421,B0006VO7D4
422,B0006VQARA
423,B0006VQBTW
424,B0006VZAZS
425,B0006ZERXA
426,B0007844BG
427,B00078455Q
428,B00079VIFU
429,B0007KI6OU
430,B0007KI6PE
431,B0007KNZ8M
432,B0007KVK8E
433,B0007L1VLO
434,B0007L1VN2
435,B0007L1VO6
436,B0007OEE7E
437,B0007OVML0
438,B0007PF7FQ
439,B0007RXD7S
440,B0007W2E64
441,B0007XJOLG
442,B000816CE4
443,B0008FULBK
444,B0008GNVKC
445,B0008GQ26C
446,B00092PRCA
447,B00092RJX0
448,B00094C384
449,B00094C6AO
450,B00094GJR0
451,B00094H4LU
452,B0009EM13G
453,B0009EUFI4
454,B0009F3P3U
455,B0009FTZVQ
456,B0009K6UX2
457,B0009KITEU
458,B0009KRY6Y
459,B0009N5SG4
460,B0009ORUZU
461,B0009SBZPC
462,B0009VGD24
463,B0009VU7QC
464,B0009WH86S
465,B0009WH87M
466,B0009WPKY0
467,B000A0HGPM
468,B000A0OFXS
469,B000A2BJ44
470,B000A2BJ76
471,B000A2BJR6
472,B000A3IAHM
473,B000A5SG0G
474,B000A6X9CU
475,B000A7WBGY
476,B000ALCJT4
477,B000AMADQY
478,B000AMJC2K
479,B000AMYSOM
480,B000AN0UH0
481,B000ANJW1U
482,B000ANLD1M
483,B000ARA52G
484,B000AYDQZW
485,B000AYH7V6
486,B000B02BEM
487,B000B63RIU
488,B000B8TIZE
489,B000BCOMLU
490,B000BD5DRG
491,B000BD6A0K
492,B000BKTGMW
493,B000BOBWRA
494,B000BPCWX2
495,B000BQL8E0
496,B000BQM01K
497,B000BQMW72
498,B000BV0AYY
499,B000CCXXQY
500,B000CD01I6
501,B000CD0Z6O
502,B000CD4CEA
503,B000CO9ZMI
504,B000CS787S
505,B000DT87RQ
506,B000DT89ZQ
507,B000DZAT12
508,B000DZEQ5W
509,B000E23RSQ
510,B000E23SI0
511,B000E25X92
512,B000E27UIE
513,B000E5N0MG
514,B000E60HJO
515,B000E60HKS
516,B000E7AIA6
517,B000E7D72C
518,B000E95O1M
519,B000EAIB8E
520,B000EFKE34
521,B000EFQ2I0
522,B000EFQ5AK
523,B000EILTCQ
524,B000ELV2MA
525,B000EM6S5A
526,B000EPCH2K
527,B000ET5W6E
528,B000ETXY78
529,B000EUCRF2
530,B000EZ0CTU
531,B000EZY19W
532,B000F004RO
533,B000F2KRGK
534,B000F2PFJ4
535,B000F3IS8I
536,B000F3YSQ4
537,B000F7IU7S
538,B000FD5818
539,B000FDR47E
540,B000FH1J6C
541,B000FHFKGW
542,B000FHYZRW
543,B000FIDPAY
544,B000FIEJRM
545,B000FJLBU4
546,B000FJQYTC
547,B000FK7YL8
548,B000FLXW90
549,B000FLZE7I
550,B000FNPNO0
551,B000FOO1OW
552,B000FPGP4U
553,B000FRZ620
554,B000FS0U2U
555,B000FSOZE4
556,B000FSWB9K
557,B000FVEV4K
558,B000FVNX2Q
559,B000GAU2RU
560,B000GAVHQA
561,B000GAXL7I
562,B000GFJKVY
563,B000GFV00I
564,B000GGY9LY
565,B000GHJM9C
566,B000GHL4EI
567,B000GHTBJ8
568,B000GHURA0
569,B000GHW0LO
570,B000GHXWI4
571,B000GIL4BU
572,B000GIOFGQ
573,B000GOZRKS
574,B000GOZYRO
575,B000GP0VIU
576,B000GP5L3U
577,B000GR5XCW
578,B000GR80L8
579,B000GTQU22
580,B000GUO4L0
581,B000GZOCA8
582,B000H0T4W8
583,B000H0VAAM
584,B000H10YZS
585,B000H6B4KM
586,B000H94VZO
587,B000HBOYZO
588,B000HCX7UG
589,B000HDWZLC
590,B000HEQNFA
591,B000HG6KBU
592,B000HG8720
593,B000HG8O8M
594,B000HG964S
595,B000HG9I5A
596,B000HGB33U
597,B000HHLBW2
598,B000HHS8C8
599,B000HRYUKC
600,B000HRZ7AY
601,B000HVVSDU
602,B000I0TZO4
603,B000I0VMMC
604,B000I0YYZO
605,B000I1EHK0
606,B000I1WNV0
607,B000I3C4EY
608,B000I3INLW
609,B000I3IXMQ
610,B000I4YGEO
611,B000I5LAFQ
612,B000I8ZULI
613,B000I97FHY
614,B000IBNLR0
615,B000IJFQIO
616,B000IT756A
617,B000J05ETS
618,B000J05FKQ
619,B000J05GKA
620,B000J07BRQ
621,B000J07T0K
622,B000J09CO6
623,B000J09OLM
624,B000J0B2YY
625,B000J0B3K2
626,B000J0B9OW
627,B000J0C47S
628,B000J0CBCQ
629,B000J0E9PI
630,B000J1HPK8
631,B000J4J70Q
632,B000J63RJQ
633,B000JCPP9A
634,B000JCT7QM
635,B000JCTH2Q
636,B000JE7780
637,B000JE77SU
638,B000JE7CMG
639,B000JEAAP2
640,B000JEBYWA
641,B000JIJTM8
642,B000K36RTK
643,B000K5V03Q
644,B000K5WIVO
645,B000K5Y4PW
646,B000K5Y4UC
647,B000K67ZE8
648,B000KDAJR6
649,B000KDEK9E
650,B000KI9VMA
651,B000KIEHSS
652,B000KIGEXO
653,B000KJRRBQ
654,B000KKMO90
655,B000KQQUOO
656,B000L4CHJ2
657,B000L513ZU
658,B000LGMM4A
659,B000LNSHSS
660,B000LPDTV6
661,B000LPFUG8
662,B000LY8B3S
663,B000LYA8UW
664,B000LYAX1G
665,B000LYCUF8
666,B000LYCUIU
667,B000M51AYS
668,B000MALXVS
669,B000MANW30
670,B000MFHX3U
671,B000MFJNVK
672,B000MK2MWM
673,B000MK2Y2K
674,B000MK4R6G
675,B000MK4RAM
676,B000MK64US
677,B000MK9YWI
678,B000MLDPM2
679,B000MPO6OO
680,B000MUUE86
681,B000MVV6AA
682,B000N35G94
683,B000N3ZUKY
684,B000N4C1IW
685,B000N4C1LO
686,B000N71IPQ
687,B000NHTUCE
688,B000NHXTTO
689,B000NHZ3IY
690,B000NK7LEU
691,B000NK9OCW
692,B000NNXZ4C
693,B000NOUQRA
694,B000NRQ4LO
695,B000NRRDCI
696,B000NRTJ16
697,B000NTFW4C
698,B000O8WKJC
699,B000O9R9HO
700,B000OAK94I
701,B000OOYECC
702,B000OZF13W
703,B000P6L92C
704,B000P8R8PC
705,B000P9IKZS
706,B000PDFQ6K
707,B000PE46I8
708,B000PWGZOI
709,B000Q2Y7JM
710,B000Q2ZY9Y
711,B000Q5XTBQ
712,B000Q8X6J8
713,B000QOJI9E
714,B000QWB07Y
715,B000QWCPDM
716,B000QWCPZK
717,B000QX77KW
718,B000QX77WK
719,B000QYLCWK
720,B000R4HRGO
721,B000REY6LI
722,B000RJXWJU
723,B000RN3EOE
724,B000RUMZHE
725,B000RZNI48
726,B000RZRXYE
727,B000S14PFM
728,B000S161FO
729,B000S5M9VK
730,B000S6933Q
731,B000SAB33U
732,B000SAF07K
733,B000SBSAYE
734,B000SBXIA0
735,B000SDU7ZW
736,B000SDY14K
737,B000SDZ338
738,B000SHQ73Y
739,B000SHR71A
740,B000SHU86Q
741,B000SJJ5PY
742,B000SL2ELE
743,B000SL2ZC2
744,B000SR120M
745,B000ST1EW6
746,B000T9MP5U
747,B000TD0QU2
748,B000TDQEBM
749,B000TDRHG8
750,B000TGUN8E
751,B000TGX0HK
752,B000TINEFG
753,B000TLL6MQ
754,B000TMDZ3I
755,B000TMK0NQ
756,B000TS9ITM
757,B000TXYC5C
758,B000TY06T2
759,B000U5HZ12
760,B000UE9LQA
761,B000UEZ36W
762,B000UH9M3E
763,B000UHGJTO
764,B000UNVOKM
765,B000UUQTKA
766,B000UVL47W
767,B000UX67DG
768,B000UY6M2G
769,B000UZH526
770,B000V2MK00
771,B000V2MK8C
772,B000V2QCQI
773,B000V2RU0A
774,B000V2TTNG
775,B000V4OLP0
776,B000V7ARAU
777,B000V7N810
778,B000V7RCOY
779,B000V9A0Q4
780,B000VA205C
781,B000VAZ4AU
782,B000VG4AY0
783,B000VIM81U
784,B000VKRWO6
785,B000VKUXHY
786,B000VLDQQ8
787,B000VS4K7U
788,B000VWJ210
789,B000VXF23G
790,B000VXO4L2
791,B000WGWJL0
792,B000WJ1MJC
793,B000WJC8FE
794,B000WKSZ5A
795,B000WU4H5C
796,B000X7MLW0
797,B000X8U4KU
798,B000XA11FU
799,B000XAOS28
800,B000XAOTIG
801,B000XAOUVM
802,B000XEFQAM
803,B000XF2TOM
804,B000XHY15A
805,B000XQBKLY
806,B000XSPEPA
807,B000XSZ6WG
808,B000XUK8A4
809,B000Y52D5G
810,B000YA1XVG
811,B000YAUDSU
812,B000YGO7HW
813,B000YJ45HG
814,B000Z2UEAE
815,B000Z822ZS
816,B000Z8W7I0
817,B000ZHB2HS
818,B000ZHEVZ8
819,B000ZJOGHE
820,B000ZLYNH0
821,B0010JEJPC
822,B0010NL4BU
823,B0010SYG24
824,B0010T21YS
825,B0010T3QT2
826,B0010T5NF2
827,B0010W84A0
828,B0010XS5PS
829,B0010XUO52
830,B0010YQBJ4
831,B0010Z1W06
832,B0010Z3LGO
833,B00112XNJQ
834,B001167XXO
835,B001167XXY
836,B00116D4NC
837,B0011EK90K
838,B0011G47PQ
839,B0011N0LP4
840,B0011UXSHK
841,B0011XWBPC
842,B00121H4NC
843,B00125JEIQ
844,B00125Q75Y
845,B00127X3K4
846,B0012CHMD8
847,B0012CJR40
848,B0012CP1VS
849,B0012G9VNS
850,B0012S75NE
851,B0012UEQ5C
852,B0012UEXTQ
853,B0012YS2IA
854,B0012YVGOW
855,B0012YXVGI
856,B00134LO3E
857,B00135HSI8
858,B00138BEV2
859,B00138DJW4
860,B00138FMQK
861,B0013AX6FC
862,B0013C7K1Q
863,B0013C7V24
864,B0013C7YDK
865,B0013C87YU
866,B0013CDGT6
867,B0013CETYM
868,B0013CEY0Q
869,B0013CF4CS
870,B0013CF4FK
871,B0013CIJSO
872,B0013CIQCI
873,B0013CJC1M
874,B0013CM584
875,B0013CNU6U
876,B0013CO8XE
877,B0013CQ20Q
878,B0013CQ38W
879,B0013CTO60
880,B0013G6IZQ
881,B0013JPU9I
882,B0013LBR7U
883,B00144862U
884,B00144CABS
885,B0014CI10E
886,B0014DZE8K
887,B0014WJYNW
888,B00152OZEY
889,B00154GSQA
890,B001554FBE
891,B0015DRRGQ
892,B0015DVEZQ
893,B0015G39OW
894,B0015TRJCM
895,B0015VB4EE
896,B0015YCRZG
897,B001602ZT2
898,B001603YQU
899,B001603YXI
900,B001604FNG
901,B00166DR9S
902,B00166DUSG
903,B00168CPYO
904,B00168RF6C
905,B0016A6LAG
906,B0016GE5P8
907,B0016HM7SE
908,B0016L2XW0
909,B0016NDCQ4
910,B0016P14O4
911,B0016P3BH2
912,B0016P5CR4
913,B0016P7IRG
914,B0016P8Q0Y
915,B0016P8Q22
916,B0016P8Q2W
917,B0016ZQ566
918,B00178KLEY
919,B00178MNFO
920,B00178QQJ8
921,B0017D3UME
922,B0017D5YW8
923,B0017D5Z40
924,B0017D6N6E
925,B0017DBCNS
926,B0017DCQCE
927,B0017DF9U0
928,B0017DGWIS
929,B0017GPTSY
930,B0017LLYZG
931,B0017TI9LK
932,B0017TMHW2
933,B0017YUIYQ
934,B0018179I6
935,B0018179YU
936,B00181D73M
937,B0018N6SLS
938,B0018N8G1S
939,B0018NDH4Y
940,B00191PHL6
941,B00191RJNK
942,B00191RKGQ
943,B00191RKOI
944,B00191TSI4
945,B00191TTGA
946,B001949RKU
947,B0019K3LI8
948,B0019L0X38
949,B0019UGCMU
950,B0019W4EIW
951,B001A11KA2
952,B001A1PKEY
953,B001A3O4GW
954,B001A3QCEY
955,B001A3XXV4
956,B001A3Y32C
957,B001A4G1TY
958,B001A4QKMW
959,B001A4X296
960,B001AALJ1I
961,B001AAOZU0
962,B001ABF5IK
963,B001AJS3BS
964,B001AKX59C
965,B001AMHEU6
966,B001ANLW26
967,B001ARZ9KS
968,B001ASEW32
969,B001AVPQ48
970,B001AZ1D3C
971,B001AZ55NQ
972,B001B08PR8
973,B001B091J4
974,B001B095E0
975,B001B09BX0
976,B001B0ASBO
977,B001B0BE6M
978,B001B0BFA2
979,B001B0D5T6
980,B001B0DCOO
981,B001B0DCSU
982,B001B0EXSI
983,B001B0GH9Q
984,B001B0GWKU
985,B001B0GYRG
986,B001B0H0AQ
987,B001B19XPA
988,B001B648O6
989,B001B90Q94
990,B001BBCGC2
991,B001BBNROI
992,B001BJKO3M
993,B001BLVGGY
994,B001BLZDKE
995,B001BM2M8Y
996,B001BQR5AA
997,B001BXWYR2
998,B001BYK7MK
999,B001C3CKRA
1000,B001C5P6WO
1001,B001CD9RRG
1002,B001CD9RYY
1003,B001CDEUBO
1004,B001CE3AQY
1005,B001CE3AUU
1006,B001CE8IVG
1007,B001CEAO7C
1008,B001CEMCXQ
1009,B001CJ50Q2
1010,B001CQ8ER2
1011,B001CQDOMM
1012,B001CRYXHG
1013,B001CSMJJ4
1014,B001CSMJJE
1015,B001CSMJKI
1016,B001CSMJKS
1017,B001CSPUDQ
1018,B001CSPUF4
1019,B001CU9W8I
1020,B001CXWHS2
1021,B001D707CU
1022,B001DEK6Z6
1023,B001DJ6C2W
1024,B001DJ6C3G
1025,B001DJ6CD6
1026,B001DJ7ZLE
1027,B001DJ80RC
1028,B001DJ86CQ
1029,B001DJ9IAA
1030,B001DJ9JF4
1031,B001DJDGXA
1032,B001DPSUUI
1033,B001DVXWRI
1034,B001E641P4
1035,B001E67TAI
1036,B001E680CE
1037,B001E680EM
1038,B001E681S2
1039,B001E686N2
1040,B001E688L2
1041,B001E6BWVK
1042,B001E6C6GK
1043,B001E6COO4
1044,B001E6CT94
1045,B001E6F13U
1046,B001E76ZFM
1047,B001E95R1I
1048,B001E97G9O
1049,B001EHAKSK
1050,B001ELJOOM
1051,B001EO6LKE
1052,B001EO6LKO
1053,B001EO6LKY
1054,B001EQ65IA
1055,B001EQCJ4O
1056,B001EUG76Q
1057,B001EWDXO8
1058,B001EY0A9C
1059,B001F0R1FG
1060,B001F0RI1I
1061,B001F1OXEM
1062,B001FGLX72
1063,B001FM65II
1064,B001FNYW9G
1065,B001G60IVS
1066,B001G60J4E
1067,B001GAOTLY
1068,B001GAOTXC
1069,B001GBKTGM
1070,B001GDNA6Q
1071,B001GHOO8U
1072,B001GIP208
1073,B001GVIMJ8
1074,B001GX6MJ8
1075,B001GXFIYS
1076,B001GXM68Y
1077,B001H06N3K
1078,B001H6A39Y
1079,B001HA0N2M
1080,B001HA5PDE
1081,B001HA77OO
1082,B001HBIPDK
1083,B001HHNCQY
1084,B001IKKIVW
1085,B001IYU0O8
1086,B001IZEZYS
1087,B001JQLHS8
1088,B001JZ50SC
1089,B001KC08Y0
1090,B001KC08YK
1091,B001KN12PI
1092,B001KNK58S
1093,B001L1RDYI
1094,B001L1RFOG
1095,B001L9M8JA
1096,B001LDKAU0
1097,B001LNDBH4
1098,B001LQWWFS
1099,B001LXK5HS
1100,B001MS6ROW
1101,B001MS6WMO
1102,B001MS6XW8
1103,B001MUN7ES
1104,B001NBR7BU
1105,B001NIBSYU
1106,B001NID7R6
1107,B001NID7SK
1108,B001NID85W
1109,B001NID88Y
1110,B001NIGB6U
1111,B001NIGBOW
1112,B001NIIDB6
1113,B001NIIDI4
1114,B001NXDFC8
1115,B001NXDFCI
1116,B001O6T2ZS
1117,B001OATBEQ
1118,B001OHWSBM
1119,B001OXTE04
1120,B001P3LKPK
1121,B001P3PSVC
1122,B001P80EQG
1123,B001P80ERA
1124,B001P80ESE
1125,B001PF1BSE
1126,B001PLII3E
1127,B001PLLX0O
1128,B001PM2WZ8
1129,B001PM6RX6
1130,B001PME0VM
1131,B001PME1JI
1132,B001PMG7UE
1133,B001PMG98O
1134,B001PMGB2I
1135,B001PMGBY6
1136,B001PMHURI
1137,B001PMHUSW
1138,B001PMHZGO
1139,B001PMJX8C
1140,B001PMJXD2
1141,B001PMJXYG
1142,B001PMJZGW
1143,B001PMK228
1144,B001PO6IL0
1145,B001PO6JA0
1146,B001PO6JN2
1147,B001PV2KYM
1148,B001PV36V8
1149,B001Q4FQU8
1150,B001QTVXVO
1151,B001QTY5QE
1152,B001R4BTI0
1153,B001R4BTIA
1154,B001R4C5BK
1155,B001R4OJT6
1156,B001R922MM
1157,B001R9ATYK
1158,B001RU18D0
1159,B001S2PKFY
1160,B001S2PKG8
1161,B001S2PKGI
1162,B001S2PKGS
1163,B001S2PKHC
1164,B001S2PKHM
1165,B001S2PKL8
1166,B001S2PKNQ
1167,B001S2PKP4
1168,B001S2PKPE
1169,B001S6EWIQ
1170,B001S9HWKS
1171,B001SEVPHO
1172,B001T6QCJC
1173,B001T8MBLI
1174,B001TANFHA
1175,B001TC4HMA
1176,B001TDKOOO
1177,B001TZ92TK
1178,B001U2ORNS
1179,B001U3Y93A
1180,B001UQ6E58
1181,B001V9LQH0
1182,B001V9LQLG
1183,B001VEJTH4
1184,B001W0Y5US
1185,B001W36YM2
1186,B001WLU1BE
1187,B001XM9AAA
1188,B001XM9BV8
1189,B001XWCQO2
1190,B001YTK3XK
1191,B0020X9SZS
1192,B0021L9MH8
1193,B0023I9QCU
1194,B0024EG6G2
1195,B0024IFFX8
1196,B00256R26C
1197,B0025Z3J38
1198,B0025ZG868
1199,B00260S6LM
1200,B00264GKXO
1201,B00269ABT8
1202,B0026I2HLO
1203,B0026ICM1E
1204,B0026KXR16
1205,B0026KXR1Q
1206,B0026MBCXO
1207,B0026PDWNY
1208,B0026RHV52
1209,B0026T65Z2
1210,B0026YHSBM
1211,B0026ZPK34
1212,B002744YQS
1213,B00275ED2W
1214,B00275FO34
1215,B002766V3K
1216,B0027A7EZK
1217,B0027CTFBO
1218,B0027J9KH6
1219,B0027JBLV4
1220,B0027JIIKQ
1221,B00280H404
1222,B0028SCBV8
1223,B0028Y43U4
1224,B00290FKOU
1225,B00290N0RO
1226,B00291O7A2
1227,B002A2GGDG
1228,B002A6IVAI
1229,B002AMW2SO
1230,B002AMW2ZC
1231,B002AMW324
1232,B002B2L7O8
1233,B002B56010
1234,B002BA5WK0
1235,B002BA5WLE
1236,B002BQ4VBU
1237,B002BYKKUS
1238,B002C42PSW
1239,B002C7U6UI
1240,B002CRKUZO
1241,B002E3AI0I
1242,B002E9E358
1243,B002ECFIDG
1244,B002ECFILI
1245,B002ECFIMC
1246,B002FB63EO
1247,B002FB64Z2
1248,B002FGUDAE
1249,B002FGUDBS
1250,B002FGUDCM
1251,B002FGUDDG
1252,B002FGUDE0
1253,B002FGUDEK
1254,B002FGUDF4
1255,B002FGUDFY
1256,B002FGUDGI
1257,B002FKZ4UO
1258,B002G1YNXQ
1259,B002G4DHGM
1260,B002GHBUTK
1261,B002GHBUTU
1262,B002GP7Z6Y
1263,B002GWVZHM
1264,B002GWVZHW
1265,B002H0BOBA
1266,B002HI9RKM
1267,B002HREI0C
1268,B002I47P40
1269,B002IKK550
1270,B002IXG5GK
1271,B002IXKD9U
1272,B002IZHE3G
1273,B002J9G5AE
1274,B002JE7FBW
1275,B002JFQKMG
1276,B002JFR8Q8
1277,B002JFX02Y
1278,B002JFZERS
1279,B002JG0BZM
1280,B002JG0DMS
1281,B002JG0VT8
1282,B002JG10GG
1283,B002JG4CV6
1284,B002JGQGQ0
1285,B002JH1C5Y
1286,B002JM1XOY
1287,B002JM1XQM
1288,B002JM1XRQ
1289,B002JP1AH6
1290,B002K5DYQA
1291,B002K6QB78
1292,B002K9GOPE
1293,B002K9GPSA
1294,B002K9IHJK
1295,B002K9KEKK
1296,B002K9M6OW
1297,B002K9M7MS
1298,B002K9M8RC
1299,B002K9PIKG
1300,B002K9XU0Q
1301,B002KFZVCU
1302,B002KFZVF2
1303,B002KO9JB0
1304,B002KT1ZX0
1305,B002L3XJ3Y
1306,B002L6RB80
1307,B002LLJIHM
1308,B002LNVMIS
1309,B002M1HQ0M
1310,B002M1JIC6
1311,B002M1LG76
1312,B002M1LGJ4
1313,B002M3XCW6
1314,B002M78HVS
1315,B002M78HY0
1316,B002M7U04U
1317,B002M7VZXA
1318,B002M7W098
1319,B002M7W19C
1320,B002M7W9DU
1321,B002M7W9GW
1322,B002M7XQ2S
1323,B002M7XXAI
1324,B002M7XXZ8
1325,B002M7Z338
1326,B002M8177I
1327,B002M835C8
1328,B002M835HI
1329,B002M837GW
1330,B002M838PC
1331,B002M83DQG
1332,B002M83WRG
1333,B002M8CTFC
1334,B002M8EY82
1335,B002MAPRZE
1336,B002MCZIUG
1337,B002MJMYB0
1338,B002MPPB82
1339,B002MPPBDC
1340,B002NKMGDO
1341,B002NS0ZCK
1342,B002NU5ND4
1343,B002O3W4LE
1344,B002OB49JG
1345,B002OB49JQ
1346,B002OEBMRU
1347,B002ONB4GA
1348,B002ONCBK8
1349,B002ONCDH4
1350,B002ONCFP4
1351,B002OOBGW6
1352,B002OT8C8C
1353,B002PIR9FE
1354,B002PIUTSS
1355,B002PLQ7LI
1356,B002PU9T5A
1357,B002Q0YD28
1358,B002Q893CK
1359,B002R0BFAA
1360,B002R0DX0U
1361,B002R0DYZ4
1362,B002R5AENE
1363,B002R5ARD6
1364,B002R5ARDG
1365,B002R5ARLI
1366,B002R5ARNG
1367,B002R9HQLI
1368,B002SFLAQ8
1369,B002SQ9P5K
1370,B002TKMG92
1371,B002TU3KTC
1372,B002TWEXXM
1373,B002U3V4DW
1374,B002U4OEDS
1375,B002UKOKHM
1376,B002V1H5UY
1377,B002V3SSBW
1378,B002VLUI9E
1379,B002VUCCNU
1380,B002VWJWR2
1381,B002W5V5M8
1382,B002W6ZVG8
1383,B002WER27Q
1384,B002WTB34E
1385,B002X94T8U
1386,B002XJ0JKC
1387,B002XYO84U
1388,B002YSPDJ4
1389,B003081QWA
1390,B00309RVJ6
1391,B0030A9CHE
1392,B0030GJAHK
1393,B0030JBTJO
1394,B003155XYO
1395,B00319F38G
1396,B0031YNEQ4
1397,B0032ALZIQ
1398,B0032AN4M6
1399,B0032AN4N0
1400,B0032AN4O4
1401,B0032AN4OO
1402,B0032OREFU
1403,B0032UYFCY
1404,B00331YTDM
1405,B0033AGVVG
1406,B0033EQ7H0
1407,B0033HT59Y
1408,B0033RRYY2
1409,B0033UJ6J0
1410,B0033UU1J4
1411,B00342VCH6
1412,B00347A85S
1413,B00347A8GC
1414,B00347A8GM
1415,B00347A8JE
1416,B00347A8PI
1417,B00347A8PS
1418,B00347A8SK
1419,B00358RIRC
1420,B0035FX5MC
1421,B0035JJJ96
1422,B0035JJJ9G
1423,B0035JJJ9Q
1424,B0035JJJA0
1425,B0035LXTYU
1426,B0035WTCU4
1427,B0035Y4ACW
1428,B0036D5XFA
1429,B0036D5XGO
1430,B0036D5XH8
1431,B0036D7SOO
1432,B0036D9YKA
1433,B0036D9YKU
1434,B0036ISPSW
1435,B0036IUSB4
1436,B0036R9ZHI
1437,B0036RFN8S
1438,B0036TGGJ6
1439,B0036TGGJG
1440,B0036TGGVO
1441,B0036TGGW8
1442,B0036WT0OG
1443,B0037H7S6C
1444,B0037JK1V4
1445,B003822IRA
1446,B0038AH5TI
1447,B0038AO5QE
1448,B00392A4WU
1449,B003990GMQ
1450,B0039MZZGK
1451,B0039N3QFQ
1452,B0039N3QHO
1453,B0039N3QO2
1454,B0039N7EI6
1455,B0039N7ELS
1456,B0039N7EOA
1457,B0039P1O5S
1458,B003BCZQAS
1459,B003BFU4TI
1460,B003BFXFHG
1461,B003BHFCS4
1462,B003BHLMMY
1463,B003BNY7OI
1464,B003BNY7QG
1465,B003BSF7ZG
1466,B003BUHXK6
1467,B003CIDSHO
1468,B003CKZPN2
1469,B003CP11IU
1470,B003CPH5E4
1471,B003CT3T7W
1472,B003CYKBAU
1473,B003D7NSPG
1474,B003E1S2K2
1475,B003EAJ0GS
1476,B003EIGJ96
1477,B003EM2G6M
1478,B003EXRQHA
1479,B003F0QLAU
1480,B003F0QLB4
1481,B003FGWCPM
1482,B003FHBPRM
1483,B003FHF98S
1484,B003G4OJK4
1485,B003GCQ1YI
1486,B003GGPHY4
1487,B003GGSGPG
1488,B003GQ2RJM
1489,B003GRT3ZM
1490,B003H04A42
1491,B003H04AEM
1492,B003H2AZJE
1493,B003H2GBM4
1494,B003HD03IQ
1495,B003HJ114A
1496,B003I4FC80
1497,B003I5YFZA
1498,B003I869CY
1499,B003IBC66E
1500,B003IBHM40
1501,B003IWFS0Y
1502,B003J9XN76
1503,B003JFL1WY
1504,B003JGCJY2
1505,B003JME93K
1506,B003JQLHEA
1507,B003JTHMR8
1508,B003K1PH7W
1509,B003KE716Y
1510,B003KGBGO0
1511,B003KRBLEO
1512,B003L20OZ0
1513,B003LD08TG
1514,B003LJW816
1515,B003LJX6VC
1516,B003MVEU50
1517,B003MVNNK8
1518,B003MVPQN0
1519,B003MZORR2
1520,B003N3GUT6
1521,B003NLXZDM
1522,B003NSB0BE
1523,B003NSB0C8
1524,B003O2RXL0
1525,B003O3EYTI
1526,B003O3EZRE
1527,B003O3F2R6
1528,B003O69SUA
1529,B003OCQOLA
1530,B003OCQQRM
1531,B003OCW702
1532,B003OUQ174
1533,B003P2UM1W
1534,B003PJ0ICI
1535,B003QQYV78
1536,B003QR28RC
1537,B003QR67QU
1538,B003QR67YW
1539,B003QR87I6
1540,B003QTD4Y6
1541,B003RL7RRS
1542,B003RRY8CY
1543,B003SLAAOO
1544,B003SLC3IU
1545,B003SLC3UI
1546,B003SLHPWE
1547,B003SX0QZK
1548,B003SX0R18
1549,B003T3E2CW
1550,B003TV6BI2
1551,B003U4U3YQ
1552,B003U69J76
1553,B003U6VSHU
1554,B003UATQDO
1555,B003UATQDY
1556,B003UCL77U
1557,B003VNE25M
1558,B003VNEOOG
1559,B003VNGEBC
1560,B003VNIL90
1561,B003VQ8SCW
1562,B003VQHQ8E
1563,B003VQHSJG
1564,B003VQHSXW
1565,B003VQR1RA
1566,B003VQR1S4
1567,B003VQR1SE
1568,B003VQR1T8
1569,B003VQR1TS
1570,B003VQR1UC
1571,B003VWW6LK
1572,B003W0P2SA
1573,B003WP2UOY
1574,B003WXGLS2
1575,B003X2XJHI
1576,B003X8DN5A
1577,B003XDU8O4
1578,B003XDU8OE
1579,B003XDU8P8
1580,B003XDU8PI
1581,B003XNB7U8
1582,B003XOXUK2
1583,B003XQFWKQ
1584,B003XR480U
1585,B003XR5BWE
1586,B003XR7CDU
1587,B003Y5K8GO
1588,B003YC1E0Q
1589,B003YC1E1U
1590,B003YCOL60
1591,B003YDYO1Q
1592,B003YFHBE6
1593,B003YFHCK4
1594,B003YFHCKY
1595,B003YGZIY0
1596,B003YL412K
1597,B003YL412U
1598,B003YT54PU
1599,B003YT6RLA
1600,B003YT6RLK
1601,B003YT6RMY
1602,B003YT6RNS
1603,B003YTATLO
1604,B003ZJQ5RU
1605,B003ZSWER6
1606,B003ZUXXOW
1607,B003ZUXXP6
1608,B003ZWHTMW
1609,B00406YZGK
1610,B00409K02K
1611,B0040FFNXK
1612,B0040M2GLU
1613,B0040XYTIW
1614,B0040ZFXLC
1615,B00414XRHY
1616,B0041IC2B2
1617,B0041IPYA8
1618,B0041OMCHU
1619,B0041OWIRO
1620,B0041RRMR2
1621,B0041WISRK
1622,B00434OWTY
1623,B00439GOKY
1624,B0043B5X7W
1625,B0043D2O7C
1626,B0043T5DNS
1627,B004412E8W
1628,B00445V2M2
1629,B00450DVDY
1630,B00450N5BM
1631,B0045RMEPI
1632,B0045S2JE8
1633,B0045Z4PGQ
1634,B0045Z8O72
1635,B0045Z8O7C
1636,B00464E5P2
1637,B00466887G
1638,B00466DTE8
1639,B0046DVMMC
1640,B0046EC19Y
1641,B0046HEQHQ
1642,B0046HESE2
1643,B0046TPX3K
1644,B0046TR4IW
1645,B0046TRL0I
1646,B0046XIKZ4
1647,B0047CP6SI
1648,B00481K4KS
1649,B0048LMNP2
1650,B0049FVB2I
1651,B0049UCECE
1652,B004A16L2Q
1653,B004A912OU
1654,B004A91TE8
1655,B004APM26Q
1656,B004BDMP8M
1657,B004BLJD5M
1658,B004C1RULU
1659,B004CRSLYE
1660,B004CVKXHS
1661,B004D0E5WM
1662,B004D44UYQ
1663,B004D4SNSU
1664,B004DKZNO6
1665,B004DM8VKW
1666,B004DMAZOC
1667,B004DNX8O0
1668,B004E1L25S
1669,B004E1L29Y
1670,B004E3PPBI
1671,B004EQEB8S
1672,B004EWHN0A
1673,B004EWL86A
1674,B004EYSMHG
1675,B004EYSMHQ
1676,B004F9QBBY
1677,B004F9QBC8
1678,B004F9QBCS
1679,B004F9QBDC
1680,B004F9QBE6
1681,B004F9QBGE
1682,B004FM768I
1683,B004FM76BK
1684,B004FQRW9W
1685,B004FY6VSC
1686,B004G5ZZQY
1687,B004GBGRYM
1688,B004GCSHX0
1689,B004GEC2IY
1690,B004GEC2L6
1691,B004GEHTVY
1692,B004GGMODU
1693,B004GIZ3MW
1694,B004GMN2HG
1695,B004GXAY9E
1696,B004H1PB9I
1697,B004H2U930
1698,B004H3XKR6
1699,B004H3XKRQ
1700,B004H41ID8
1701,B004H4EBHI
1702,B004H5YBU4
1703,B004HGDQQS
1704,B004HIOO4E
1705,B004HLGPCU
1706,B004HO58UW
1707,B004HO58V6
1708,B004HO58VG
1709,B004HO58VQ
1710,B004HY63Z6
1711,B004HY82WI
1712,B004HY9IJ4
1713,B004HY9IJE
1714,B004HY9IOO
1715,B004HYDH3M
1716,B004I00UVW
1717,B004I2EE3K
1718,B004I2GFNC
1719,B004I2HXRY
1720,B004I2MG1W
1721,B004I4E05U
1722,B004I5AQ4S
1723,B004I7HHSO
1724,B004I9CZ2U
1725,B004INGE4G
1726,B004INKGYA
1727,B004ISGG7Q
1728,B004IZN3RK
1729,B004J2U12W
1730,B004J8HWIM
1731,B004JCT47U
1732,B004JDI1I2
1733,B004JQPEBQ
1734,B004JXHTDK
1735,B004K0LOWO
1736,B004K137GY
1737,B004K6LHBQ
1738,B004KAX0S0
1739,B004LO098O
1740,B004LO3SQO
1741,B004LQZTKK
1742,B004LUKVOU
1743,B004LY27PW
1744,B004M23XH4
1745,B004M27EOW
1746,B004MBBIIG
1747,B004MO5QCW
1748,B004MOGVGW
1749,B004MZOHQC
1750,B004N4FE8W
1751,B004N4HDHM
1752,B004N4JIB6
1753,B004N4MH14
1754,B004NBFKLG
1755,B004NBZAYS
1756,B004NBZB2Y
1757,B004NEUJDM
1758,B004NNEGWS
1759,B004NNEI94
1760,B004NNGG6C
1761,B004NNUEWY
1762,B004NSAPUK
1763,B004O49F7M
1764,B004O6M8Z6
1765,B004O6MOAU
1766,B004OA6VU0
1767,B004OA6X6C
1768,B004OA73B6
1769,B004OA74B0
1770,B004OA74J2
1771,B004OA74MY
1772,B004OA758C
1773,B004OHNTVC
1774,B004P3WFME
1775,B004Q0I2RS
1776,B004Q9VJ3I
1777,B004QF0PYG
1778,B004QM8J8S
1779,B004QM99JG
1780,B004QM99JQ
1781,B004QM99K0
1782,B004QWZINW
1783,B004QXIFCC
1784,B004R1LXOK
1785,B004REMVWK
1786,B004S8LUJA
1787,B004SPPRR4
1788,B004SPVVI8
1789,B004TGHIS8
1790,B004TQ0O66
1791,B004TTVV0G
1792,B004TUGZQK
1793,B004U9TEEA
1794,B004U9TEN6
1795,B004ULP9QA
1796,B004UMNN2G
1797,B004UQ40IS
1798,B004VJSEPO
1799,B004VJSERW
1800,B004VJSEZ4
1801,B004VJSFA8
1802,B004VJSFBC
1803,B004VJSFG2
1804,B004VJSG2A
1805,B004VJSG3E
1806,B004VJSG6G
1807,B004VJSJAO
1808,B004VUR3VO
1809,B004W6JOQO
1810,B004W6JOYG
1811,B004W6JPI6
1812,B004W7IOV4
1813,B004WL0L9S
1814,B004WPXS5I
1815,B004X23TKE
1816,B004X23ULW
1817,B004X23UQM
1818,B004X6BPFQ
1819,B004XLBL96
1820,B004XOK1SU
1821,B004Y3C9B2
1822,B004YGBIVQ
1823,B004YQZPVA
1824,B004YU70H8
1825,B004YZB0X8
1826,B004ZDL0K2
1827,B004ZDL0M0
1828,B004ZDL1CO
1829,B004ZKPX8A
1830,B004ZKXC2O
1831,B004ZMH2KK
1832,B004ZOT5KS
1833,B00507NEBA
1834,B0050BPWBQ
1835,B0050BPX10
1836,B0050I7KQ4
1837,B0050MRBDC
1838,B0050MRBLO
1839,B0050MRDJE
1840,B0050PNOUS
1841,B0051BP6KW
1842,B0051MZSI6
1843,B0051OP65Y
1844,B0052ATODM
1845,B0052S3ACK
1846,B0052YQCGK
1847,B0053TRH2M
1848,B00542WZCK
1849,B00548SAP0
1850,B0055CAS1O
1851,B0056DIYBS
1852,B0057UAB34
1853,B0058M2YLS
1854,B0058TW286
1855,B005A09UCY
1856,B005BTWMPQ
1857,B005BZNEMK
1858,B005C95NGK
1859,B005D5M12M
1860,B005D5M12W
1861,B005D5ZP1G
1862,B005D7S9FI
1863,B005ETZIPE
1864,B005FUGPI6
1865,B005FVDXE4
1866,B005G1BAUM
1867,B005G1BCPK
1868,B005GOPXRA
1869,B005GOPXYS
1870,B005GPFWG6
1871,B005GQIPKK
1872,B005GQKNL4
1873,B005GSYNRM
1874,B005GZ2174
1875,B005GZ21GK
1876,B005HFJFK4
1877,B005HFJFKE
1878,B005I3HVVA
1879,B005IIR8H2
1880,B005IIR8HM
1881,B005IMAKYG
1882,B005IMAO2E
1883,B005IMAODI
1884,B005IMAOJM
1885,B005IMAOP6
1886,B005IMARK8
1887,B005IMARNA
1888,B005IV6U0U
1889,B005IV7P04
1890,B005IVL0RS
1891,B005IVL0SC
1892,B005IVL0ZK
1893,B005IVL0ZU
1894,B005J31B0Q
1895,B005J7Y6GS
1896,B005J7Y6HW
1897,B005JYUK7K
1898,B005JZKKNS
1899,B005K8AUWA
1900,B005K95U88
1901,B005K95UI8
1902,B005LQDY92
1903,B005MR4QLU
1904,B005NJPHLK
1905,B005NJQ1KG
1906,B005NJQ1S8
1907,B005NJRML8
1908,B005NJRMR2
1909,B005O55T98
1910,B005O55TDO
1911,B005O55U2Y
1912,B005O55U4C
1913,B005OKRKRW
1914,B005OQWLXE
1915,B005OQZK8C
1916,B005P3CGRM
1917,B005P7P9M2
1918,B005P99KT8
1919,B005QAQFFS
1920,B005QAV6VQ
1921,B005QXTED0
1922,B005S0KDLI
1923,B005S0KDX6
1924,B005S0YXEG
1925,B005SA4T0O
1926,B005SG9B88
1927,B005ST26TG
1928,B005TI2Q6E
1929,B005TI2Q8M
1930,B005TJMC0S
1931,B005TLVNMY
1932,B005U99Z2K
1933,B005VAORH6
1934,B005VC8CG6
1935,B005VC8CK2
1936,B005VC8D88
1937,B005X9VZ70
1938,B005YGLA5Y
1939,B005YVMIQO
1940,B005ZHHVSW
1941,B005ZOCWYI
1942,B005ZXCWFI
1943,B0060J6AN6
1944,B0061G4B6G
1945,B0061ZPD00
1946,B00620EVBQ
1947,B0062C2CGU
1948,B0062S4B8Q
1949,B0062ZNYFK
1950,B0063B8B92
1951,B0063C5NMY
1952,B0064VZD06
1953,B0065QZKMG
1954,B00671E4B2
1955,B0067VHVNA
1956,B0067Y5N46
1957,B0067Y5TI6
1958,B00691RJZ8
1959,B0069RY9BY
1960,B006CSPZK4
1961,B006CSRZHA
1962,B006GQHRU8
1963,B006I2H0HU
1964,B006IB35GG
1965,B006IB372S
1966,B006JKQMC0
1967,B006JKUWNU
1968,B006K0PAM2
1969,B006LNU00K
1970,B006LTTHNA
1971,B006LU77M2
1972,B006LVBXQM
1973,B006LY4K7S
1974,B006M1MFEA
1975,B006M1MHSO
1976,B006MGCKKY
1977,B006OGBTWM
1978,B006OI2CFS
1979,B006P1EQIA
1980,B006TZGJGO
1981,B006U1M4S4
1982,B006W0HQ54
1983,B006WAPTVM
1984,B006X7GXFU
1985,B006Y7WZG0
1986,B006Y7Z27E
1987,B006Y834NC
1988,B006Y9H0UE
1989,B006YCJZ3G
1990,B006YYPIUI
1991,B0073N1J48
1992,B0073N1J4S
1993,B0073W6ZZW
1994,B0073W70BK
1995,B0073W718W
1996,B0073W71ZA
1997,B0074ZN27C
1998,B0075LDFNQ
1999,B0076BXEVI
2000,B0076O2A4C
2001,B0076O2BRI
2002,B007B5TABW
2003,B007B5TJCM
2004,B007B5VH0E
2005,B007BD0LLM
2006,B007BD0MQ6
2007,B007CGUCIA
2008,B007CGUD1G
2009,B007CGULSQ
2010,B007CS6RBO
2011,B007D930YO
2012,B007F9IP7Y
2013,B007FHVSMU
2014,B007HJ89VE
2015,B007KG574G
2016,B007L4Y8L0
2017,B007MPIXGO
2018,B007ORP1OW
2019,B007P8DKZ2
2020,B007P8DKZW
2021,B007QNWC3M
2022,B007RFYKO8
2023,B007RHLU6C
2024,B007TN1J2O
2025,B007TRUWG4
2026,B007VDN1PA
2027,B007VGM090
2028,B007W7SGLO
2029,B007XPBW1G
2030,B007XPBW2K
2031,B007XPBW4I
2032,B007YVHBP0
2033,B007ZLALUG
2034,B007ZYF266
2035,B00814JRJM
2036,B0081TYO72
2037,B00847UWUE
2038,B0084M66PY
2039,B008587M7I
2040,B0085IPYO6
2041,B0085IPZGS
2042,B0085IQ05I
2043,B0085IQ1MA
2044,B0085IQ28I
2045,B0085U9B7A
2046,B008664QXW
2047,B00886N6YA
2048,B00887ABMY
2049,B0088PJD02
2050,B0088VS4Y2
2051,B0088VSIZM
2052,B0088VSPKA
2053,B0088X8S2S
2054,B0089FA26U
2055,B0089INHUU
2056,B008ABLJHE
2057,B008B1QISS
2058,B008BW41EK
2059,B008CJ1M44
2060,B008CJ1N5M
2061,B008CO4NCC
2062,B008CO4NGS
2063,B008DF54N2
2064,B008DLXAFA
2065,B008DQXLA4
2066,B008DQXNDE
2067,B008DWCFVY
2068,B008EGDW3O
2069,B008FYFXF0
2070,B008FYGJ3A
2071,B008FYGKJI
2072,B008HBFADQ
2073,B008HSIVVC
2074,B008HSIW20
2075,B008HSJ08K
2076,B008HSJ0I0
2077,B008I213WQ
2078,B008LDKURG
2079,B008NA1KL2
2080,B008OEHWYG
2081,B008OTSHSQ
2082,B008PAIC4S
2083,B008R52BRA
2084,B008SDGKVE
2085,B008WJYMTQ
2086,B008YD1V4Y
2087,B008YD1V6C
2088,B008YD1V76
2089,B008Z8ZXC4
2090,B008ZDCZ8Y
2091,B0090J6CVI
2092,B00916ULL2
2093,B00916V6FM
2094,B00916V6MA
2095,B00916V6Y8
2096,B0091DPYBC
2097,B0091DPYDU
2098,B0091UBCAW
2099,B0091UBCB6
2100,B0091Y07XG
2101,B0091Y07Y0
2102,B0092KZ85Q
2103,B0092KZ94G
2104,B0092KZ94Q
2105,B00934G9RC
2106,B0093HH8NS
2107,B0093HH964
2108,B0094V8B8O
2109,B0095F5BBO
2110,B0095F5BCS
2111,B0095ZB7SA
2112,B0095ZBUGY
2113,B0097GMHXG
2114,B0098HW1E4
2115,B009BUDM4G
2116,B009BUDNJA
2117,B009FFQRBC
2118,B009FFXN4Q
2119,B009FFXVQQ
2120,B009KBLYDM
2121,B009KBLYEG
2122,B009M3PGH8
2123,B009M3PGHI
2124,B009M3PHG8
2125,B009MPB9KY
2126,B009NSGO3M
2127,B009NSJ8J4
2128,B009NSMN3W
2129,B009NZXRGM
2130,B009QYH30G
2131,B009QYH32O
2132,B009QYH40U
2133,B009QYHAIQ
2134,B009QZ49U2
2135,B009R5XLUU
2136,B009SB2EAG
2137,B009SM8EFO
2138,B009SM8FBW
2139,B009SM8FG2
2140,B009SM8GJ8
2141,B009URRG7O
2142,B009ZMOPA0
2143,B009ZMUWKC
2144,B009ZMWHIC
2145,B009ZMWI6S
2146,B009ZMYPZA
2147,B009ZNEUD6
2148,B00A14ZUGE
2149,B00A1GDLYA
2150,B00A35WSEI
2151,B00A750ZC6
2152,B00A750ZHG
2153,B00A87XIZY
2154,B00A8NPWWU
2155,B00A8YIA3W
2156,B00A8YIAPA
2157,B00A9S3KX2
2158,B00AA982CY
2159,B00AAHMESY
2160,B00AF1QVOI
2161,B00AGV7T5W
2162,B00AGV7TOS
2163,B00AGV7TQG
2164,B00AH9JVLS
2165,B00AHV7MIU
2166,B00AHV7MJO
2167,B00AKWLSO0
2168,B00APEGA4G
2169,B00AQ2ADJK
2170,B00AQ2AGRY
2171,B00AQ2BZZQ
2172,B00AQ2C21C
2173,B00AQDGNXE
2174,B00ARJQRLU
2175,B00ASHH602
2176,B00ATGCG5W
2177,B00ATM1N9Q
2178,B00ATZ9JZI
2179,B00ATZ9QMO
2180,B00ATZJ746
2181,B00AVWKUJI
2182,B00AVWKUJS
2183,B00AVWKUWU
2184,B00AWHS7YC
2185,B00AYUI490
2186,B00B80SOUE
2187,B00B80SOVI
2188,B00B80SOVS
2189,B00B80SOW2
2190,B00B80SOWM
2191,B00BB5DJU6
2192,B00BB5HU6K
2193,B00BBLF49Y
2194,B00BBLORGK
2195,B00BE67YX0
2196,B00BEYXGNY
2197,B00BH9GNVS
2198,B00BH9GNYU
2199,B00BLVLHLI
2200,B00BMLQRQC
2201,B00BMLQSNO
2202,B00BP7Q1FA
2203,B00BP7Q25E
2204,B00BQU141C
2205,B00BQX5MFS
2206,B00BQX5PYQ
2207,B00BS6WYHC
2208,B00BU57W8C
2209,B00BUI5QWS
2210,B00BV1XGGM
2211,B00BWN6X78
2212,B00BWU3HNY
2213,B00BXCDOAM
2214,B00BXCDOH0
2215,B00BZC41LG
2216,B00C2ATAKC
2217,B00CBAPEYE
2218,B00CIDHSS4
2219,B00CIDQ470
2220,B00CJA0QM6
2221,B00CL55JQM
2222,B00CLV8ZIU
2223,B00CMAA9X4
2224,B00CO8KZHY
2225,B00COA3GVE
2226,B00CODGOLK
2227,B00COHAJXA
2228,B00COHALXI
2229,B00CPR45F2
2230,B00CPXCVIO
2231,B00CPXDK2U
2232,B00CPXF3CA
2233,B00CPXFEY2
2234,B00CRGP8B6
2235,B00CU4KOOG
2236,B00CWY2KFU
2237,B00CWZHA6S
2238,B00CX6YAGE
2239,B00D2YCB3U
2240,B00D2YCCH0
2241,B00D2YCJLO
2242,B00D3EWHU6
2243,B00D3RDVY4
2244,B00D460T5I
2245,B00D460T6W
2246,B00D46117S
2247,B00D4613Y4
2248,B00D4OUFF4
2249,B00D51931S
2250,B00D51XMLU
2251,B00D632TA2
2252,B00D633C12
2253,B00D7H8XB6
2254,B00D7NYF30
2255,B00D7NYF62
2256,B00D7NYHBA
2257,B00D7NYJ2W
2258,B00D7NYKRQ
2259,B00D91WDQQ
2260,B00DC4OJ76
2261,B00DCD78S4
2262,B00DFWCCXS
2263,B00DGHO3NY
2264,B00DGY5IP4
2265,B00DGY5IPY
2266,B00DHJ8QLQ
2267,B00DIAYTP6
2268,B00DSYEB28
2269,B00DT6OWK6
2270,B00DTOTBNQ
2271,B00DTOTBY0
2272,B00DUJ24M0
2273,B00DY1HTTM
2274,B00DY1HTU6
2275,B00DZFOH4W
2276,B00E3KP79C
2277,B00E3KP7HO
2278,B00E3MXVGG
2279,B00E5JUEF8
2280,B00E729P58
2281,B00EANURCE
2282,B00EANUUDK
2283,B00EHDZMAY
2284,B00EKW6JGI
2285,B00EKW8UPG
2286,B00EO58Z5O
2287,B00EOV3FVC
2288,B00EU9V3QW
2289,B00EU9V588
2290,B00EU9V5EM
2291,B00EVC942I
2292,B00EVPEO6Q
2293,B00EYNLXRI
2294,B00EZXF85K
2295,B00F0RB1C4
2296,B00F0RB1ZG
2297,B00F4HAFU4
2298,B00F59LT74
2299,B00F5B7RHS
2300,B00F5LRCW8
2301,B00F6WGENY
2302,B00F6WGEVQ
2303,B00FA4MP5O
2304,B00FACLMPA
2305,B00FNK8UQS
2306,B00FTG73SC
2307,B00FW6RMF8
2308,B00FW6RPP0
2309,B00FW6RRW6
2310,B00FW6RS48
2311,B00FW6RUIC
2312,B00FW6RULY
2313,B00FW6RY7E
2314,B00FW6S1NA
2315,B00FW6S3MY
2316,B00FW6S3P6
2317,B00FWR9NH2
2318,B00FX51LA0
2319,B00FX51WJK
2320,B00FX52CDU
2321,B00FZ8ZRKU
2322,B00FZ8ZUGG
2323,B00FZ906KA
2324,B00FZ909DE
2325,B00G2UD2P2
2326,B00G411O8G
2327,B00G476NR2
2328,B00G476QZG
2329,B00G476UNE
2330,B00G4TYP48
2331,B00G4TYP5W
2332,B00G4TYP7K
2333,B00G4TYPCA
2334,B00G4TYQ9W
2335,B00G4TYT1C
2336,B00GD78WQS
2337,B00GDDTZ5Y
2338,B00GDDU0KI
2339,B00GDDU8A0
2340,B00GDDUHQU
2341,B00GDDUJEA
2342,B00GDDUOQS
2343,B00GDDUP4Y
2344,B00GDDUR3S
2345,B00GDDUX28
2346,B00GDDUXHI
2347,B00GDDUXJG
2348,B00GDDV5UW
2349,B00GFFGVKC
2350,B00GGBCRU8
2351,B00GLZZSN2
2352,B00GMEDC3A
2353,B00GMOO9EG
2354,B00GMOOAIQ
2355,B00GMOOB08
2356,B00GO4GNPC
2357,B00GS8GJGW
2358,B00H0FJLZS
2359,B00H0FJM0W
2360,B00H3QRFAC
2361,B00HD05AKA
2362,B00HFJWKWK
2363,B00HFJWMV4
2364,B00HFTBMD8
2365,B00HG9HGVO
2366,B00HH0ESYK
2367,B00HLQOKLG
2368,B00HM0IV4S
2369,B00HM0IV52
2370,B00HM0IV98
2371,B00HM0IVDY
2372,B00HUTA3Z6
2373,B00HVUYKN0
2374,B00HXLP56I
2375,B00I00MWGM
2376,B00I4XMEYA
2377,B00I5ABIG2
2378,B00I8OBAOU
2379,B00I9D5IFM
2380,B00ICOB78K
2381,B00ICQ40WI
2382,B00IHCJY5A
2383,B00IL7BJMM
2384,B00IMBUCWA
2385,B00IQBT3QW
2386,B00IQBT3RG
2387,B00IQBT3VW
2388,B00IX1LZAC
2389,B00IZL23MY
2390,B00J61901Y
2391,B00J8NBVYE
2392,B00J8U9QCG
2393,B00J9E68B8
2394,B00JAKXFQW
2395,B00JBK74IQ
2396,B00JBVWDB8
2397,B00JCA4GQS
2398,B00JCA4GW2
2399,B00JHME7W4
2400,B00JIX4OTI
2401,B00JIX53PW
2402,B00JIXXHEG
2403,B00JJRMPPS
2404,B00JJS7JXK
2405,B00JKQV90A
2406,B00JKRE0JG
2407,B00JKRKFQI
2408,B00JKRKP22
2409,B00JQXRWQM
2410,B00JXLGELG
2411,B00JXLGESY
2412,B00JXLGETI
2413,B00JXLGETS
2414,B00JXLGEUC
2415,B00JXLGF06
2416,B00K5UZP2S
2417,B00KLLBEPI
2418,B00KOO594O
2419,B00KOO599O
2420,B00KYA0RC2
